asin,brand,title,seller,price,currency,availability,rating,review_count,product_url,scraped_at
B0CZPLQZ8P,,"SAMSUNG 32-Inch Odyssey G50D Series QHD Fast IPS G-Sync Compatible Gaming Monitor, 1ms, VESA DisplayHDR 400, 180Hz, AMD FreeSync, Adjustable Stand, Eye Saver Mode, LS32DG502ENXZA, 2024",,93256.04,PKR,,4.4,839,https://www.amazon.com/dp/B0CZPLQZ8P,2026-09-05T15:45:54.116239+00:00
B0H2HG8HZV,Brand: Faadar,"Wired Ergonomic Keyboard, Full-Size USB Computer Keyboard with Wrist Rest",FaadarDirect,11106.22,PKR,In Stock,5.0,,https://www.amazon.com/dp/B0H2HG8HZV,2026-09-05T15:46:03.645545+00:00
B0F1C924S2,Visit the LEOBOG Store,"Aula F75 Wireless Mechanical Keyboard,Creamy Keyboard with RGB Backlit Hot Swappable, 81 Keys 75% Layout Gaming Keyboard, Bluetooth/2.4GHz/Type-C, Creamy Sounding - Reaper Switches",AULA Tech USA,18882.52,PKR,In Stock,4.8,179,https://www.amazon.com/dp/B0F1C924S2,2026-09-05T15:46:23.970763+00:00
B0H5B52PPV,Visit the DarkBeacon Store,"DarkBeacon Flux87 HE Mechanical Gaming Keyboard Wired, Rapid Trigger 0.01mm, AI-Powered Software, Hall Effect Magnetic Switch, Adjustable Actuation, SOCD/DKS/MT, 8KHz, Hot-Swap, RGB, for PC (Green)",DarkBeacon Direct,13883.47,PKR,Only 12 left in stock - order soon.,,,https://www.amazon.com/dp/B0H5B52PPV,2026-09-05T15:46:38.879415+00:00
B0FH666TTT,Visit the keydous Store,"NJ98 Wireless Custom Mechanical Keyboard with Screen Knob 96% Hot Swappable RGB Keyboard Mac Windows (Pale Green, Steel Plate-Mix5 Linear)",Keydous Direct,40267.35,PKR,Only 4 left in stock - order soon.,4.6,,https://www.amazon.com/dp/B0FH666TTT,2026-09-05T15:46:53.941549+00:00
B0F66MGQS1,Visit the Generic Store,Wired RGB Gaming Membrance Keyboard. 65 Percent Mini Creamy LED Computer Keyboard .Small Ergonomic Clicky Teclado with ABS Backlit Unreplaceable Keycaps. for PC Laptop MAC Gamer. (Black),Hongcai Store,6082.18,PKR,In Stock,4.2,14,https://www.amazon.com/dp/B0F66MGQS1,2026-09-05T15:47:08.760227+00:00
B079HQM71L,Visit the TECWARE Store,TECWARE Phantom 87 Key RGB Mechanical Gaming Keyboard | Outemu Red Switch | 16.8M Color LED Lighting | 18 Pre-Set | Low Latency | N-Key Rollover | Software Customizable Keys | Wired USB Connection,TECWARE,13883.47,PKR,In Stock,4.6,2265,https://www.amazon.com/dp/B079HQM71L,2026-09-05T15:47:23.974327+00:00
B0GK7FVTR4,Visit the HUANUO Store,"HUANUO FlowLift™ Pro Monitor Arm for 13–32"" Screens, MechaSpring Monitor Mount, Fully-Adjustable Monitor Stand with Tilt/Swivel/Rotation, Tool-Free VESA Mount, C-Clamp/Grommet Base, Max Load 19.8 lbs",Bestergo Direct,8328.97,PKR,In Stock,4.5,4855,https://www.amazon.com/dp/B0GK7FVTR4,2026-09-05T15:47:44.130770+00:00
B0G25VRNP2,Visit the Lenovo Store,"Lenovo ThinkPad Thunderbolt 4 Smart Dock Gen 2 7500, Multiple Display Support, Integrated 1M Thunderbolt 4 Cable, Remote Hardware Management, 40Gbps Data Speed, 100W Power Delivery, Black",,67762.12,PKR,Available to ship in 1-2 days,4.0,344,https://www.amazon.com/dp/B0G25VRNP2,2026-09-05T15:47:59.020211+00:00
B0H6WN5XLV,Brand: Faadar,"Wireless Keyboard and Mouse Combo, Quiet Ergonomic Curved Keys(Graphite)",FaadarDirect,9717.6,PKR,In Stock,4.1,211,https://www.amazon.com/dp/B0H6WN5XLV,2026-09-05T15:48:23.929476+00:00
B0BPLV294G,Visit the TECWARE Store,"TECWARE Phantom+ 87 Key RGB Mechanical Gaming Keyboard, Black | TKL Thocky Creamy Keyboard, Hot Swappable, Double Shot ABS Keycaps, Wired USB-C, N-Key Rollover | Wraith Red Linear Switch",TECWARE,16660.72,PKR,In Stock,4.5,479,https://www.amazon.com/dp/B0BPLV294G,2026-09-05T15:48:51.632800+00:00
B0BVVYW6L6,Visit the Womier Store,"Womier 60% Percent Keyboard Gaming, Creamy Mechanical Wired Keyboard Anime",Womier SHOP,10828.5,PKR,In Stock,4.7,736,https://www.amazon.com/dp/B0BVVYW6L6,2026-09-05T15:49:19.240650+00:00
B096BLNGHY,Visit the Amazon Renewed Store,Pulsar Gaming Gears - PK001 Lunar Alloy TKL Mechanical Gaming Keyboard RGB LED Rainbow Backlit USB Wired Game Keyboards for Windows PC PS5 PS4 Xbox 87 Keys Silent Outemu Switches FPS (Renewed),Evenr,5635.04,PKR,Only 5 left in stock - order soon.,4.5,2,https://www.amazon.com/dp/B096BLNGHY,2026-09-05T15:49:38.948137+00:00
B08MHZZJ58,Visit the Beastron Store,"RGB Backlit Gaming Keyboard with Mouse Combo and Mouse pad, Multimedia Keyboard Knob,Mechanical Feel USB Wired Keyboard for Windows PC, Silvery White (10209)",BEASTRON,5551.72,PKR,In Stock,4.2,291,https://www.amazon.com/dp/B08MHZZJ58,2026-09-05T15:50:04.015587+00:00
B0BX6B4K6S,Visit the Redragon Store,"Redragon K628 Pollux 75% Wired RGB Gaming Keyboard, 78 Keys Compact Mechanical Keyboard w/100% Hot-Swap Socket, Free-Mod Plate Mounted PCB & Dedicated Arrow Keys, Quiet Red Switch",,22942.53,PKR,,4.6,157,https://www.amazon.com/dp/B0BX6B4K6S,2026-09-05T15:50:26.318541+00:00
B09698GFZJ,,"Razer BlackWidow V3 TKL Mechanical Gaming Keyboard, Yellow Switches, Black",Probo Sales,26461.64,PKR,Only 1 left in stock - order soon.,4.5,456,https://www.amazon.com/dp/B09698GFZJ,2026-09-05T15:50:49.443955+00:00
B0H4GDLHC6,Visit the RK ROYAL KLUDGE Store,RK ROYAL KLUDGE R99 RGB Dual 8K Wireless Mechanical Keyboard w/Light Bar,AceGadget,27769.72,PKR,In Stock,4.4,11,https://www.amazon.com/dp/B0H4GDLHC6,2026-09-05T15:51:24.081990+00:00
B07SDMWXLN,Visit the Cakce Store,"RGB One Handed Mechanical Gaming Keyboard,Colorful Backlit,Wrist Rest Support,Professional USB Wired Single Hand Mechanical Keyboard for Game",Cakce Direct,7495.8,PKR,In Stock,4.3,1509,https://www.amazon.com/dp/B07SDMWXLN,2026-09-05T15:51:40.602241+00:00
B0B84QHPDW,Visit the MageGee Store,"MageGee One Handed Professional Gaming Keyboard, RGB Backlit 35 Keys Mini Wired Mechanical Keyboard with Blue Switch for PC Gamer, Support 6 Macro Keys - Black/Red",MageGee Store,6662.62,PKR,In Stock,4.3,206,https://www.amazon.com/dp/B0B84QHPDW,2026-09-05T15:51:58.982378+00:00
B0F9Y1D8F2,Visit the MCHOSE Store,"MCHOSE Jet 75 Rapid Trigger Keyboard 75% Percent, Hall Effect White Topographic Gaming Keyboard, Wired RGB Custom Mechanical Keyboards with Magnetic Switch, PBT Keycaps, White",MCHOSE Official,29436.07,PKR,In Stock,4.5,42,https://www.amazon.com/dp/B0F9Y1D8F2,2026-09-05T15:52:33.871845+00:00
B0BQ2ZFVNN,Visit the TECWARE Store,TECWARE Phantom+ Elite 87 Key RGB Mechanical Gaming Keyboard | 3 Mode Wireless Bluetooth 5.0 2.4GHz & USB C Wired | Hot Swappable 5 Pin | Double Shot PBT Keycaps | Wraith Red Switch - Black,TECWARE,14505.58,PKR,In Stock,4.7,146,https://www.amazon.com/dp/B0BQ2ZFVNN,2026-09-05T15:52:59.683396+00:00
B08NG7HFTQ,Visit the HK Gaming Store,"HK GAMING GK61 Mechanical Gaming Keyboard - 61 Keys Multi Color RGB Illuminated LED Backlit Wired Programmable for PC/Mac Gamer (Gateron Optical Yellow, Lavender)",Geeky USA,8328.97,PKR,In Stock,4.7,4846,https://www.amazon.com/dp/B08NG7HFTQ,2026-09-05T15:53:29.415005+00:00
B07R7P6WTF,Visit the BlueFinger Store,"RGB 87 Keys Gaming Keyboard and Backlit Mouse Combo,BlueFinger USB Wired Rainbow Keyboard,Gaming Keyboard Set for Laptop PC Computer Game and Work",BlueFinger,6662.62,PKR,In Stock,4.4,4008,https://www.amazon.com/dp/B07R7P6WTF,2026-09-05T15:53:56.700195+00:00
B094L9HWGM,,"Razer BlackWidow V3 Mini Wireless Mechanical Gaming Keyboard, Green Switch",HTechStore,26261.68,PKR,In Stock,4.4,325,https://www.amazon.com/dp/B094L9HWGM,2026-09-05T15:54:24.182209+00:00
B0D5R7P3W9,Visit the AULA Store,"AULA F87 Wireless Mechanical Keyboard, TKL Gaming Keyboard 75%, 87 Keys",AULA MALL,16660.72,PKR,In Stock,4.7,395,https://www.amazon.com/dp/B0D5R7P3W9,2026-09-05T15:54:49.147836+00:00
B09DK9CSTQ,Visit the Camiysn Store,"Camiysn Typewriter Style Mechanical Gaming Keyboard, Black Retro Punk Gaming Keyboard with RGB Backlit, 104 Keys Blue Switch Wired Cute Keyboards, Round Keycaps for Windows/Mac/PC",MAGEGEE.Store,9995.32,PKR,In Stock,4.2,6873,https://www.amazon.com/dp/B09DK9CSTQ,2026-09-05T15:55:09.331701+00:00
B0FM9HZ2NQ,Visit the Amazon Renewed Store,Razer Huntsman Mini 60% Gaming Keyboard: Linear Optical Switches - Rapid Trigger Mode - Chroma RGB Lighting - PBT Keycaps - Onboard Memory - Snap Tap - White (Renewed),Digital P,13883.47,PKR,In Stock,3.7,7,https://www.amazon.com/dp/B0FM9HZ2NQ,2026-09-05T15:55:25.836724+00:00
B0DFYNNZTP,Visit the HUO JI Store,"HUO JI Wired Gaming Keyboard with Rainbow LED Backlit, White Blue",Spring in Original,6384.9,PKR,In Stock,4.4,1236,https://www.amazon.com/dp/B0DFYNNZTP,2026-09-05T15:55:44.305270+00:00
B0FJFVZ9P4,Visit the IQUNIX Store,"IQUNIX EV63 Hall Effect Magnetic Gaming Keyboard 60% | Rapid Trigger, Adjustable Actuation for FPS Gamers | Hot Swap, SOCD, RGB, Full Aluminum Case (Silver Knight)",IQUNIX,54236.92,PKR,In Stock,4.8,59,https://www.amazon.com/dp/B0FJFVZ9P4,2026-09-05T15:56:09.217917+00:00
B0FH664KPT,Visit the keydous Store,"NJ98 Wireless Custom Mechanical Keyboard with Screen Knob 96% Hot Swappable RGB Keyboard Mac Windows (Pale Green, Brass Plate-Box Deep Sea)",Keydous Direct,44433.22,PKR,Only 8 left in stock - order soon.,4.6,,https://www.amazon.com/dp/B0FH664KPT,2026-09-05T15:56:25.805667+00:00
B0H1BQ562X,Visit the IQUNIX Store,"IQUNIX EV63 Ghost in the Shell Gaming Keyboard, Shell Core",IQUNIX,69417.36,PKR,In Stock,5.0,5,https://www.amazon.com/dp/B0H1BQ562X,2026-09-05T15:56:48.978103+00:00
B0CZ3KWC3P,,"ViewSonic VX2416A 24 Inch 1080p IPS Gaming Monitor, 120Hz, 1ms, USB C",,26817.92,PKR,,4.3,68,https://www.amazon.com/dp/B0CZ3KWC3P,2026-09-05T15:57:09.038849+00:00
B0BVSJ33R6,,"msi MAG 255XF 25-inch 1920 x 1080 (FHD) Gaming Monitor, 300Hz, AMD FreeSync Premium, HDMI, DisplayPort, VGA Port, VESA, Tilt, Speaker, 0.5ms, Black",,32979.53,PKR,,4.2,14,https://www.amazon.com/dp/B0BVSJ33R6,2026-09-05T15:57:23.891340+00:00
B0FJ1MNZ9B,,"ViewSonic VA2448-MH 24 Inch 1080p Computer Monitor, IPS 120Hz Display",,30475.3,PKR,,4.6,371,https://www.amazon.com/dp/B0FJ1MNZ9B,2026-09-05T15:57:44.556654+00:00
B0FLLGSJFT,,"LG 32UR550K-B 32-inch Ultrafine 4K UHD (3840 x 2160) Computer Monitor, HDR10, 60Hz, HDMI, DisplayPort, Tilt/Height/Pivot Adjustable Stand, Black",Beach Camera Same Day Shipping,77760.22,PKR,In Stock,4.4,96,https://www.amazon.com/dp/B0FLLGSJFT,2026-09-05T15:58:14.157750+00:00
B084RF63FK,Visit the HUANUO Store,"HUANUO Triple Monitor Mount for 17 to 32 inch Screens, Adjustment Gaming Triple Monitor Stand with Swivel, Tilt, Rotation, Clamp & Grommet Kit",,25813.94,PKR,,4.3,7263,https://www.amazon.com/dp/B084RF63FK,2026-09-05T15:58:39.247542+00:00
B0F72ZCGWB,,"ASUS VA27AQ 27 Inch 1440P QHD IPS Computer Monitor, HDMI, DisplayPort, VGA",,41655.97,PKR,In Stock,4.3,39,https://www.amazon.com/dp/B0F72ZCGWB,2026-09-05T15:59:04.020039+00:00
B0GK65SFHQ,,"msi MAG 275QPF X30 27"" Gaming Monitor, 2K 2560x1440 WQHD, 300Hz, 16:9, Anti-Glare, 1000:1, 0.5ms, HDR 400, Rapid IPS, Adaptive Sync, 2X HDMI 2.1, 1x DP 1.4a",,49981.33,PKR,,4.7,5,https://www.amazon.com/dp/B0GK65SFHQ,2026-09-05T15:59:23.890406+00:00
B0H85TQF5M,,"Samsung 24"" Odyssey G3 (G30H) IPS FHD 200Hz Gaming Monitor",,44433.22,PKR,In Stock,4.2,11,https://www.amazon.com/dp/B0H85TQF5M,2026-09-05T15:59:43.920132+00:00
B0HG1KV2TC,Visit the AOC Store,"AOC Portable Monitor 15.6'' FHD 125% sRGB 1080P IPS, USB-C HDMI Travel Monitor for Laptop, Ultra Slim External Second Screen for Work, Gaming, Mac, PS5, Xbox, Switch with Speakers & HDR, Black",AOC Top Authorized Retailer,38878.72,PKR,In Stock,4.6,4765,https://www.amazon.com/dp/B0HG1KV2TC,2026-09-05T16:00:08.863144+00:00
B0H1NSV1SK,,"msi PRO MAX 241PHW E14 24-inch IPS 1920 x1440(FHD) Hub Computer Monitor, 144Hz, Free-Synch, HDR Ready, HDMI, DisplayPort, Type C 65W, ΔE < 2, Circular Polarizer, Height Adjustable, Speaker, White",,49981.33,PKR,,4.1,7,https://www.amazon.com/dp/B0H1NSV1SK,2026-09-05T16:00:28.899299+00:00
B08WJ26WP6,Visit the Amazon Basics Store,"Amazon Basics 24-inch Full HD IPS Monitor, 75 Hz, 1080P, HDMI, Display Port and VGA Input, Adjustable Stand, VESA Compatible, Built-in Speakers for Office and Home, Black",,26686.6,PKR,In Stock,4.6,830,https://www.amazon.com/dp/B08WJ26WP6,2026-09-05T16:00:49.032941+00:00
B0HF4NJC9W,Visit the AOC Store,"AOC Computer Speakers for Desktop PC, Laptop, and Monitor, Gaming Speakers",AOC US Zone,8326.2,PKR,In Stock,4.6,464,https://www.amazon.com/dp/B0HF4NJC9W,2026-09-05T16:01:03.874635+00:00
B0GL318X6B,Visit the PIJ Store,PIJ 27 Inch Curved Gaming Monitor 250Hz FHD PC Screen Built-in Speakers,Wanbohui Shangmao,36101.47,PKR,In Stock,4.3,33,https://www.amazon.com/dp/B0GL318X6B,2026-09-05T16:01:33.891285+00:00
B0FZ8M3TWB,Visit the KTC Store,"KTC 27 Inch Gaming Monitor 4K, Dual Mode UHD 160Hz & FHD 320Hz, PD 90W Type-C, HDR 400, Fast IPS, 125% sRGB, Adaptive Sync, HDMI 2.1&DP 1.4, Eye Care, Tilt/Swivel/Pivot/Height Adjustment, VESA, H27P6",Ktcmonitor-Official,72233.5,PKR,In Stock,4.4,11,https://www.amazon.com/dp/B0FZ8M3TWB,2026-09-05T16:02:23.934539+00:00
B0FPGK3C92,,"msi MAG 322URDF E16 32-inch 3840 x 2160 (UHD) Gaming Monitor, 320Hz, AMD FreeSync Premium, HDMI, DisplayPort, VESA, Tilt, Height Adjustable, Speaker, 0.05ms, Black",,93256.04,PKR,,3.7,33,https://www.amazon.com/dp/B0FPGK3C92,2026-09-05T16:02:49.211383+00:00
B0F29KYCG2,Visit the ArcticPro Store,"ArcticPro 27 Inch Gaming Monitor, 240Hz Monitor, FHD, IPS, Adaptive Sync",Yulian Tech,27769.72,PKR,In Stock,4.4,29,https://www.amazon.com/dp/B0F29KYCG2,2026-09-05T16:03:08.878030+00:00
B0BQ2Z8VS6,Visit the TECWARE Store,"TECWARE Phantom+ Elite 87 Key RGB Mechanical Gaming Keyboard | 3-Mode Wireless Bluetooth 5.0, 2.4GHz & USB-C Wired | Hot-Swappable 5-Pin | Double-Shot PBT Keycaps | Wraith Brown Switch - Black",TECWARE,13744.61,PKR,In Stock,4.6,301,https://www.amazon.com/dp/B0BQ2Z8VS6,2026-09-05T16:03:29.640855+00:00
B0GL5HC7VV,Visit the YUNZII Store,"YUNZII C98 Cute Cake Wireless Mechanical Keyboard (Beige, Candy Switch)",Yunzii Keyboard,105.99,USD,In Stock,4.8,310,https://www.amazon.com/dp/B0GL5HC7VV,2026-09-05T16:03:54.686089+00:00
B099SBTMX6,Brand: Orzly,"Orzly Pink Gaming Keyboard RGB USB Wired Rainbow Keyboard Designed for PC Gamers, PS4, PS5, Laptop, Xbox, Nintendo Switch, RX-250 Hornet Edition",Syntiga North America USA,22.91,USD,In Stock,4.2,1709,https://www.amazon.com/dp/B099SBTMX6,2026-09-05T16:04:19.266089+00:00
B09T3DWY2R,Visit the CHONCHOW Store,"One Handed Gaming Keyboard Rainbow LED Light Up, 35 Keys Protable ﻿",Y-Ting,17.99,USD,In Stock,4.1,332,https://www.amazon.com/dp/B09T3DWY2R,2026-09-05T16:04:49.064414+00:00
B06XMRQ68B,,"Logitech G Pro Mechanical Gaming Keyboard, 16.8 Million Colors RGB Backlit Keys, Ultra Portable Design, Detachable Micro USB Cable",Port Hole Renewed,,,Only 1 left in stock - order soon.,4.4,1313,https://www.amazon.com/dp/B06XMRQ68B,2026-09-05T16:05:08.978107+00:00
B0GL5HFG4Z,Visit the YUNZII Store,"YUNZII C98 Cute Cake Wireless Mechanical Keyboard (Purple, Candy Switch)",Yunzii Keyboard,105.99,USD,In Stock,4.8,310,https://www.amazon.com/dp/B0GL5HFG4Z,2026-09-05T16:05:39.229473+00:00
B0FJ1Z2CS1,Brand: FURYCUBE,"IP98 98-Key Quiet Wired Keyboard with Number Pad, RGB and Knob",FURYCUBE,28.93,USD,In Stock,4.1,34,https://www.amazon.com/dp/B0FJ1Z2CS1,2026-09-05T16:05:58.967295+00:00
B0CQXNQYFP,Visit the AULA Store,"AULA F75 75% Wireless Mechanical Keyboard, Hot Swappable Creamy Keyboard, Pre-lubed Reaper Switches RGB Backlit Gaming Keyboards, 2.4GHz/Type-C/BT5.0(White & Green)",AULA MALL,72.98,USD,In Stock,4.6,2500,https://www.amazon.com/dp/B0CQXNQYFP,2026-09-05T16:06:34.175398+00:00
B0CP4XVVP7,Brand: Brecoy,"Japanese Mouse Pad, Large Japanese Desk Mat, XL Anime Gaming Keyboard Mat, Non-Slip Rubber Base, Big Extended Desk Protector for Home Office, 31.5”x11.8”",Lanyinn,13.49,USD,In Stock,4.8,1829,https://www.amazon.com/dp/B0CP4XVVP7,2026-09-05T16:06:54.061843+00:00
B0GWZ33NFN,Brand: Faadar,"Wireless Keyboard and Mouse Combo, 2.4G Quiet Ergonomic Curved Keys(Black)",FaadarDirect,27.99,USD,In Stock,4.1,211,https://www.amazon.com/dp/B0GWZ33NFN,2026-09-05T16:07:19.036854+00:00
B0H4ZQW2T4,Visit the DarkBeacon Store,"DarkBeacon Flux 68 HE Mechanical Gaming Keyboard Rapid Trigger with Adjustable Actuation 0.01-3.5 mm, Hall Effect Magnetic Switch, 8000Hz Polling, RGB Backlit, 65% Wired Keyboard for PC Gamer (Green)",DarkBeacon Direct,45.99,USD,In Stock,,,https://www.amazon.com/dp/B0H4ZQW2T4,2026-09-05T16:07:39.785093+00:00
B088BC7QKY,,"ASUS BE24EQK 24 Inch 1080P Computer Monitor, Webcam, HDMI, DisplayPort, VGA",,154.32,USD,In Stock,4.0,682,https://www.amazon.com/dp/B088BC7QKY,2026-09-05T16:08:46.186175+00:00
B0FKNFHZH9,,Acer Nitro 27in QHD 2560x1440 IPS MiniLED 320Hz Gaming Monitor XV275U F3,,269.99,USD,In Stock,3.6,69,https://www.amazon.com/dp/B0FKNFHZH9,2026-09-05T16:09:34.575139+00:00
B0GWFXV9KD,,"Samsung 27"" Odyssey G8 (G80HF) Gaming Monitor - 5K Resolution, Fast IPS",,709.99,USD,In Stock,4.3,30,https://www.amazon.com/dp/B0GWFXV9KD,2026-09-05T16:09:59.159078+00:00
B0GSSC6W6L,,"msi PRO MP242LE 24-inch IPS 1920 x 1080 (FHD) Computer Office Monitor, 100Hz, Adaptive Sync, HDMI, DisplayPort, Tilt, 4-Side Slim Bezel 1ms, Black",,93.49,USD,,4.4,20,https://www.amazon.com/dp/B0GSSC6W6L,2026-09-05T16:10:13.968394+00:00
B0H5FJXKRG,Visit the Sceptre Store,"New! Sceptre Curved 27-inch Prime Gaming Monitor DisplayPort x2 180Hz HDMI x2 180Hz 1500R 1ms Build-in Speakers, Machine Black 2027 (C275B-FW180T Series)",,43885.7,PKR,,4.3,81,https://www.amazon.com/dp/B0H5FJXKRG,2026-09-05T16:16:15.463304+00:00
B0GX644JXS,Visit the Strikonx Store,"Aula Hero 68 HE Wired Gaming Keyboard, Hall Effect Keyboard with Magnetic Switch, Rapid Trigger Mode, 8KHz Polling Rate, PBT Keycaps, RGB Lightbox&Backlit, 65% White Small Keyboards for Gamer/PC",Strikonx,18882.52,PKR,In Stock,4.6,32,https://www.amazon.com/dp/B0GX644JXS,2026-09-05T16:16:41.698817+00:00
B09X6FKCBD,,"Razer Ornata V3 Gaming Keyboard, Low-Profile Keys, Black",,6193.16,PKR,,4.5,1116,https://www.amazon.com/dp/B09X6FKCBD,2026-09-05T16:17:05.683094+00:00
B0C9ZJHQHM,Visit the Womier Store,Womier SK80 75% Keyboard with Color Multimedia Display Gaming Keyboard,Womier SHOP,14244.52,PKR,In Stock,4.6,1733,https://www.amazon.com/dp/B0C9ZJHQHM,2026-09-05T16:17:50.640090+00:00
B0DT43NNNF,Visit the AULA Store,"AULA WIN68 HE Mechanical Gaming Keyboard 60%, Hall Effect Magnetic Switch, Fast Trigger Mode Adjustable Actuation, 8000Hz Polling Rate, RGB Backlit, Wired Black Keyboard for Laptop/PC Gamer",AULA MALL,12772.57,PKR,In Stock,4.5,652,https://www.amazon.com/dp/B0DT43NNNF,2026-09-05T16:18:15.575555+00:00
B0DZ28ZGYL,Visit the AULA Store,"AULA S99 Gaming Keyboard, Wireless Green Creamy Computer Keyboards",AULA Tech USA,7773.52,PKR,In Stock,4.2,2227,https://www.amazon.com/dp/B0DZ28ZGYL,2026-09-05T16:18:40.795379+00:00
B0H2CY7H1M,Visit the GMKWTL Store,"XVX 75% Wireless Mechanical Gaming Keyboard with Knob, M75 Creamy Keyboards",GMKWTL SHOP,16660.72,PKR,In Stock,4.2,6,https://www.amazon.com/dp/B0H2CY7H1M,2026-09-05T16:19:05.412150+00:00
B0B3RJML38,Visit the AULA Store,"AULA Gaming Keyboard and Mouse,Wired 104-Key Mouse and Keyboard Combo Metal",AULA Tech USA,6087.73,PKR,In Stock,4.5,2815,https://www.amazon.com/dp/B0B3RJML38,2026-09-05T16:19:25.509690+00:00
B08Z6X4NK3,,Logitech G413 SE Full-Size Mechanical Gaming Keyboard - Black,"LLC,",19299.11,PKR,In Stock,4.5,1647,https://www.amazon.com/dp/B08Z6X4NK3,2026-09-05T16:19:46.375980+00:00
B0C8QYB8W6,,"Razer BlackWidow V4 X Mechanical Gaming Keyboard, Yellow Switches, Black",,27769.72,PKR,In Stock,4.5,486,https://www.amazon.com/dp/B0C8QYB8W6,2026-09-05T16:20:10.683914+00:00
B0DRFGNWV1,Visit the Redragon Store,"Redragon K521 Upgrade Rainbow LED Gaming Keyboard, 104 Keys Wired Mechanical Feeling Keyboard with Multimedia Keys, One-Touch Backlit, Anti-Ghosting, Compatible with PC, Mac, PS4/5, Xbox",Redragon Official,4440.82,PKR,In Stock,4.4,11285,https://www.amazon.com/dp/B0DRFGNWV1,2026-09-05T16:20:30.483885+00:00
B0DQKL7R48,Visit the TECKNET Store,"TECKNET Wired RGB Gaming Keyboard - 26-Key Anti-Ghosting, 13 Lighting Modes, Spill-Resistant, 108 Membrane Keys, Plug & Play - with Ergonomic Wrist Rest & Phone Holder for Windows/Mac (Black)",TECHBLUE OCEAN,5996.08,PKR,In Stock,4.5,1950,https://www.amazon.com/dp/B0DQKL7R48,2026-09-05T16:20:56.675415+00:00
B0DGZLHN8G,,"SteelSeries Apex Pro TKL Gen 3 Gaming Keyboard - OmniPoint 3.0 Analog Magnetic Switches, Quickset Auto-Presets (Rapid Trigger, Rapid Tap/SOCD, Protection Mode), OLED, RGB, PBT Keycaps, USB-C, Black",,48321.37,PKR,In Stock,4.7,525,https://www.amazon.com/dp/B0DGZLHN8G,2026-09-05T16:21:35.858668+00:00
B0H79498N7,Visit the EWEADN Store,EWEADN M75 Custom Mechanical Gaming Keyboard with Gasket Structure,EWEADN Store,19437.97,PKR,Only 9 left in stock - order soon.,4.6,17,https://www.amazon.com/dp/B0H79498N7,2026-09-05T16:22:00.496152+00:00
B00NLZUM36,Visit the Redragon Store,"Redragon S101-3 PRO Gaming Keyboard and Mouse, RGB Backlit Programmable Keyboard Mouse with Software, Independent Macro Record Keys, Value Combo Set, New Update Version",Redragon Official,11106.22,PKR,In Stock,4.5,51660,https://www.amazon.com/dp/B00NLZUM36,2026-09-05T16:22:20.463754+00:00
B07QGHK6Q8,,Logitech G213 Prodigy Wired RGB Gaming Keyboard - Black,Garden-State,15816.44,PKR,Only 4 left in stock - order soon.,4.2,7477,https://www.amazon.com/dp/B07QGHK6Q8,2026-09-05T16:22:45.587124+00:00
B0GDWD8Q87,Brand: Typehaven,L98 Wireless Mechanical Gaming Keyboard with Smart Display & Knob,Typehaven Shop,19993.42,PKR,In Stock,4.7,14,https://www.amazon.com/dp/B0GDWD8Q87,2026-09-05T16:23:05.421521+00:00
B0D17C3ZVJ,Visit the TECKNET Store,"TECKNET Wired Gaming Keyboard, RGB Backlit Keyboard with Metal Panel Design",TECHBLUE OCEAN,7495.8,PKR,In Stock,4.4,5009,https://www.amazon.com/dp/B0D17C3ZVJ,2026-09-05T16:23:34.667130+00:00
B0GR4JW87K,Visit the VGN Store,VGN N75 Wired 75% Compact Mechanical RGB Gaming Keyboard with Media Knob,MyGolfGuru,14716.65,PKR,In Stock,4.5,4,https://www.amazon.com/dp/B0GR4JW87K,2026-09-05T16:24:00.358940+00:00
B07ZGDPT4M,,SteelSeries Apex 3 RGB Gaming Keyboard – 10-Zone RGB Illumination – IP32 Water Resistant – Premium Magnetic Wrist Rest (Whisper Quiet Gaming Switch),,13883.47,PKR,In Stock,4.6,8052,https://www.amazon.com/dp/B07ZGDPT4M,2026-09-05T16:24:26.176028+00:00
B0D14N2QZF,Visit the AULA Store,"AULA F75 Pro Wireless Mechanical Keyboard,75% Hot Swappable Custom Keyboard with Knob,RGB Backlit,Pre-lubed Reaper Switches,Side Printed PBT Keycaps,2.4GHz/USB-C/BT5.0 Mechanical Gaming Keyboards",AULA MALL,18049.35,PKR,In Stock,4.6,1775,https://www.amazon.com/dp/B0D14N2QZF,2026-09-05T16:24:50.893902+00:00
B0H47SVZSR,,Razer Huntsman V3 HE Magnetic Mini 65% 8KHz Wired Gaming Keyboard,,33324.22,PKR,In Stock,4.2,54,https://www.amazon.com/dp/B0H47SVZSR,2026-09-05T16:25:30.721817+00:00
B0BTKJFRDV,Visit the Sceptre Store,"Sceptre Curved 24.5-inch Prime Gaming Monitor up to 240Hz 1080p R1500 1ms DisplayPort x2 HDMI x2 Blue Light Shift Build-in Speakers, Machine Black 2025 (C255B-FWT240 Series)",,43885.7,PKR,,4.4,4194,https://www.amazon.com/dp/B0BTKJFRDV,2026-09-05T16:30:58.500176+00:00
B0C7KFZ5TL,,"ASUS ROG Strix Scope II 96 Wireless Mechanical Gaming Keyboard – 96% Full-Size, Tri-Mode Connectivity, Hot Swappable Pre-lubed ROG NX Snow Linear Switches, PBT Keycaps, RGB, PC/Mac Support-Black",,35826.52,PKR,In Stock,4.6,1030,https://www.amazon.com/dp/B0C7KFZ5TL,2026-09-05T16:31:51.931580+00:00
B0CW25XR5R,,"Razer Viper V3 Pro Wireless Esports Gaming Mouse, 54g Lightweight, Black",,8602.73,PKR,,4.6,2331,https://www.amazon.com/dp/B0CW25XR5R,2026-09-05T16:32:43.298149+00:00
B0GZY5VR22,Visit the Redragon Store,"Redragon Wireless Gaming Mouse, Tri-Mode 2.4G/Bluetooth/USB-C, 7 Programmable Buttons, Tactile Rapid Fire Key, 24000 DPI RGB Ergonomic Mouse for PC Windows Gaming & Work, M814W",Redragon Official,10550.77,PKR,In Stock,4.5,978,https://www.amazon.com/dp/B0GZY5VR22,2026-09-05T16:33:35.887820+00:00
B09726KT4R,,"ASUS ROG Spatha X Wireless Gaming Mouse – MMO/MOBA Design, 12 Programmable Buttons, Right-Handed, 168g, Dual-Mode (Wired/2.4GHz), 19K DPI, up to 67Hr Battery, Magnetic Charging Dock, PC/Mac Support",,33324.22,PKR,In Stock,4.1,1984,https://www.amazon.com/dp/B09726KT4R,2026-09-05T16:34:16.190880+00:00
B0GMLBSSTD,,"Razer Viper V4 Pro Wireless Esports Gaming Mouse, 49g,180Hr Battery, Black",,159.0,USD,In Stock,4.6,433,https://www.amazon.com/dp/B0GMLBSSTD,2026-09-05T16:36:22.463455+00:00
B0H4SBT4SH,,Razer Naga V3 Pro Wireless MMO Gaming Mouse with Swappable Side Plates,,179.99,USD,In Stock,4.0,36,https://www.amazon.com/dp/B0H4SBT4SH,2026-09-05T16:37:11.417233+00:00
B011HMDZ0Q,Visit the Redragon Store,"Redragon M602 Gaming Mouse, Ergonomic RGB Gaming Mouse Wired with 7200 Adjustable DPI, 9 Programmable Buttons, Professional Software for Gamer Office [Black]",Redragon Official,17.99,USD,In Stock,4.6,33844,https://www.amazon.com/dp/B011HMDZ0Q,2026-09-05T16:38:07.105559+00:00
B0CF4L9LPR,Visit the MANBASNAKE Store,"ATTACK SHARK X3 49g Ultra-Lightweight Wireless Gaming Mouse, White&Tape",MAGIC-REFINER Direct,38.69,USD,In Stock,4.6,168,https://www.amazon.com/dp/B0CF4L9LPR,2026-09-05T16:38:48.161347+00:00
B0CF4DJM7F,,"Razer Viper V3 HyperSpeed Wireless PC Gaming Mouse, 82g, Black",PM COMMERCE,57.0,USD,In Stock,4.4,1321,https://www.amazon.com/dp/B0CF4DJM7F,2026-09-05T16:39:38.184737+00:00
B092CB69Q4,,Logitech G502 X Plus Wireless RGB Gaming Mouse - Black,TRENDY-TECH (We Record Serial Numbers),147.99,USD,Only 9 left in stock - order soon.,4.4,2650,https://www.amazon.com/dp/B092CB69Q4,2026-09-05T16:40:13.271099+00:00
B0F1D7P51F,Visit the INPHIC Store,"INPHIC A9 V2 Explorer Wireless Gaming Mouse, 12800 DPI Silent Mouse",YingFeiTe,19.99,USD,In Stock,4.3,1636,https://www.amazon.com/dp/B0F1D7P51F,2026-09-05T16:41:24.683564+00:00
B094PS5RZQ,,"Razer DeathAdder Essential Ergonomic Wired Gaming Mouse, Black",,19.99,USD,In Stock,4.5,32239,https://www.amazon.com/dp/B094PS5RZQ,2026-09-05T16:42:26.257365+00:00
B0GYRP9VST,Visit the KTC Store,"KTC 32 Inch 280Hz 240Hz Curved Gaming Monitor, FHD PC Monitor 1080P, H32C5",KTC-Official,59708.1,PKR,In Stock,4.5,894,https://www.amazon.com/dp/B0GYRP9VST,2026-09-05T16:47:33.889937+00:00
B0CF3VGQFL,Visit the Redragon Store,"Redragon Mechanical Gaming Keyboard Wired, 11 Programmable Backlit Modes, Hot-Swappable Red Switch, Anti-Ghosting, Double-Shot PBT Keycaps, Light Up Keyboard for PC Mac",Redragon Official,8328.97,PKR,In Stock,4.3,6785,https://www.amazon.com/dp/B0CF3VGQFL,2026-09-05T16:47:58.829132+00:00
B0C51J2ZXN,,"Razer Cobra Wired Gaming Mouse, Gen-3 Optical Switches, 58g, Black",,8328.97,PKR,In Stock,4.6,2218,https://www.amazon.com/dp/B0C51J2ZXN,2026-09-05T16:48:29.270207+00:00
B00Z9V0NKC,Visit the BENGOO Store,"BENGOO Gaming Mouse Wired with RGB Backlit, Ergonomic PC Computer Mice",Bengoo Inc.,3329.92,PKR,In Stock,4.6,14370,https://www.amazon.com/dp/B00Z9V0NKC,2026-09-05T16:48:58.416393+00:00
B0DCVP49FN,Visit the Uineer Store,"Uineer Wireless Mouse, 2.4GHz Rechargeable Computer Mouse, Battery Display",UINEER Global Flagship Store,4163.1,PKR,In Stock,4.5,9340,https://www.amazon.com/dp/B0DCVP49FN,2026-09-05T16:49:18.806692+00:00
B0G4V76JFT,Visit the Strikonx Store,"Aula SC620 Wireless Gaming Mouse, Tri-Mode 2.4GHz/USB-C/BT5.3 Computer Mouse with 12000 DPI, Programmable Macro Gamer Mouse with Rapid Fire Key, RGB Light Gaming Mice for PC/Laptop/Mac",Strikonx,9717.6,PKR,In Stock,4.4,168,https://www.amazon.com/dp/B0G4V76JFT,2026-09-05T16:49:38.442173+00:00
B092CB69Q4,,Logitech G502 X Plus Wireless RGB Gaming Mouse - Black,TRENDY-TECH (We Record Serial Numbers),41100.52,PKR,Only 7 left in stock - order soon.,4.4,2650,https://www.amazon.com/dp/B092CB69Q4,2026-09-05T16:49:57.851747+00:00
B0C2HCCTF2,Visit the RedThunder Store,"RedThunder K84 Wireless Keyboard and Mouse Combo, Rainbow Backlit Rechargeable Battery, 75% Layout TKL Ultra Compact Gaming Keyboard & Lightweight 3200 DPI Honeycomb Optical Mouse (Black)",RedThunderDirect,11939.4,PKR,In Stock,4.1,1175,https://www.amazon.com/dp/B0C2HCCTF2,2026-09-05T16:50:18.815526+00:00
B0CCF6J2Q6,Visit the MANBASNAKE Store,"ATTACK SHARK X3 49g Ultra-Lightweight Wireless Gaming Mouse, White",MAGIC-REFINER Direct,9328.78,PKR,In Stock,4.5,538,https://www.amazon.com/dp/B0CCF6J2Q6,2026-09-05T16:50:38.540056+00:00
B0CF4DJM7F,,"Razer Viper V3 HyperSpeed Wireless PC Gaming Mouse, 82g, Black",PM COMMERCE,15830.32,PKR,In Stock,4.4,1321,https://www.amazon.com/dp/B0CF4DJM7F,2026-09-05T16:51:05.658452+00:00
B0F1D7P51F,Visit the INPHIC Store,"INPHIC A9 V2 Explorer Wireless Gaming Mouse, 12800 DPI Silent Mouse",YingFeiTe,5551.72,PKR,In Stock,4.3,1636,https://www.amazon.com/dp/B0F1D7P51F,2026-09-05T16:51:29.903544+00:00
B09QS2GS2H,Brand: T-DAGGER,"T-DAGGER Wireless Gaming Mouse- USB Cordless PC Accessories Computer Mice with LED Backlit, Ergonomic Gamer Laptop Mouse with 7 Silent Buttons, 5 Adjustable DPI Plug & Play for PC",Mouselife,5551.72,PKR,In Stock,4.5,2259,https://www.amazon.com/dp/B09QS2GS2H,2026-09-05T16:51:48.811448+00:00
B0BXBC26X8,,"Razer Basilisk V3 X HyperSpeed Customizable Wireless Gaming Mouse, Black",,45035.98,PKR,,4.4,2406,https://www.amazon.com/dp/B0BXBC26X8,2026-09-05T16:52:14.086519+00:00
B094PS5RZQ,,"Razer DeathAdder Essential Ergonomic Wired Gaming Mouse, Black",,5551.72,PKR,In Stock,4.5,32239,https://www.amazon.com/dp/B094PS5RZQ,2026-09-05T16:52:35.751331+00:00
B0G12HGHGM,,Logitech G PRO X2 SUPERSTRIKE Wireless Gaming Mouse - Black/White,Bridgetown Wholesale,49976.61,PKR,,4.5,613,https://www.amazon.com/dp/B0G12HGHGM,2026-09-05T16:52:59.210861+00:00
B09C13PZX7,,"Razer Basilisk V3 Customizable RGB Wired Ergonomic Gaming Mouse, Black",,9714.82,PKR,In Stock,4.6,10529,https://www.amazon.com/dp/B09C13PZX7,2026-09-05T16:53:19.007803+00:00
B0DRJ8FC3B,Visit the GravaStar Store,"GravaStar Mercury X Pro Wireless Gaming Mouse, Come with 8K Dongle – 32,000 DPI PAW 3950 Sensor, 8,000Hz Polling Rate, Only 49g, Magnesium Alloy Hollow Frame, RGB Lighting, 5 Programmable Buttons",GravaStar Flagship,38867.61,PKR,In Stock,4.5,587,https://www.amazon.com/dp/B0DRJ8FC3B,2026-09-05T16:53:38.424562+00:00
B0BGKBT1JG,Visit the TMKB Technology Mechanical KeyBoard Store,"TMKB Falcon M1SE White Gaming Mouse, Wired, Lightweight Honeycomb, 12800DPI",TMKB Tech,4718.55,PKR,In Stock,4.5,3735,https://www.amazon.com/dp/B0BGKBT1JG,2026-09-05T16:53:56.853958+00:00
B0CLLHSWRL,Visit the AULA Store,"AULA F99 Wireless Mechanical Keyboard,Tri-Mode BT5.0/2.4GHz/USB-C Hot Swappable Custom Keyboard,Pre-lubed Linear Switches,RGB Backlit Computer Gaming Keyboards for PC/Tablet/PS/Xbox",AULA MALL,19160.25,PKR,In Stock,4.5,3134,https://www.amazon.com/dp/B0CLLHSWRL,2026-09-05T16:54:18.773619+00:00
B0D4548VYY,Visit the Womier Store,Womier 75% Wireless Mechanical Keyboard with Color Multimedia Screen,Womier SHOP,17049.54,PKR,In Stock,4.6,236,https://www.amazon.com/dp/B0D4548VYY,2026-09-05T16:54:38.497681+00:00
B0G1Z84MTC,Visit the KTC Store,"KTC 27 Inch 240Hz Gaming Monitor, 1080P Computer Monitor Fast IPS, H27F7",Ktcmonitor-Official,36931.87,PKR,In Stock,4.5,2386,https://www.amazon.com/dp/B0G1Z84MTC,2026-09-06T14:35:54.458154+00:00
B09X6FKCBD,,"Razer Ornata V3 Gaming Keyboard, Low-Profile Keys, Black",,12889.09,PKR,,4.5,1118,https://www.amazon.com/dp/B09X6FKCBD,2026-09-06T14:36:15.056345+00:00
B0DPGYXKH5,Visit the Incase Store,"Incase Modern Mobile Mouse Designed by Microsoft, Wireless, Black",Incase Designs Corp,13883.47,PKR,Temporarily out of stock.,4.6,214,https://www.amazon.com/dp/B0DPGYXKH5,2026-09-06T14:36:40.517902+00:00
B00Z9V0NKC,Visit the BENGOO Store,"BENGOO Gaming Mouse Wired with RGB Backlit, Ergonomic PC Computer Mice",Bengoo Inc.,3329.92,PKR,In Stock,4.6,14373,https://www.amazon.com/dp/B00Z9V0NKC,2026-09-06T14:37:05.645401+00:00
B0GZY5VR22,Visit the Redragon Store,"Redragon Wireless Gaming Mouse, Tri-Mode 2.4G/Bluetooth/USB-C, 7 Programmable Buttons, Tactile Rapid Fire Key, 24000 DPI RGB Ergonomic Mouse for PC Windows Gaming & Work, M814W",Redragon Official,10550.77,PKR,In Stock,4.5,978,https://www.amazon.com/dp/B0GZY5VR22,2026-09-06T14:37:25.095169+00:00
B086PJKVVT,,Logitech G305 Lightspeed Wireless Gaming Mouse - Lilac,Electronics Club,12483.74,PKR,In Stock,4.6,39870,https://www.amazon.com/dp/B086PJKVVT,2026-09-06T14:37:49.603088+00:00
B0H4SBT4SH,,Razer Naga V3 Pro Wireless MMO Gaming Mouse with Swappable Side Plates,,49987.72,PKR,In Stock,4.1,37,https://www.amazon.com/dp/B0H4SBT4SH,2026-09-06T14:38:15.324078+00:00
B0H5PXSRBL,Visit the YUNZII Store,"YUNZII M2 Dual 8K Wireless Gaming Mouse, PAW3395, 6-Level DPI(Black)",Yunzii Keyboard,16660.72,PKR,In Stock,4.2,23,https://www.amazon.com/dp/B0H5PXSRBL,2026-09-06T14:38:38.771612+00:00
B0G4V76JFT,Visit the Strikonx Store,"Aula SC620 Wireless Gaming Mouse, Tri-Mode 2.4GHz/USB-C/BT5.3 Computer Mouse with 12000 DPI, Programmable Macro Gamer Mouse with Rapid Fire Key, RGB Light Gaming Mice for PC/Laptop/Mac",Strikonx,8051.25,PKR,In Stock,4.4,169,https://www.amazon.com/dp/B0G4V76JFT,2026-09-06T14:39:02.243526+00:00
B0CF4L9LPR,Visit the MANBASNAKE Store,"ATTACK SHARK X3 49g Ultra-Lightweight Wireless Gaming Mouse, White&Tape",MAGIC-REFINER Direct,10745.18,PKR,In Stock,4.6,168,https://www.amazon.com/dp/B0CF4L9LPR,2026-09-06T14:39:22.721241+00:00
B0CCF6J2Q6,Visit the MANBASNAKE Store,"ATTACK SHARK X3 49g Ultra-Lightweight Wireless Gaming Mouse, White",MAGIC-REFINER Direct,9328.78,PKR,In Stock,4.5,540,https://www.amazon.com/dp/B0CCF6J2Q6,2026-09-06T14:39:44.527659+00:00
B0DG837JYP,,"Razer Basilisk V3 Pro 35K Wireless Gaming Mouse, 140 Hr Battery, Black",,36101.47,PKR,In Stock,4.5,669,https://www.amazon.com/dp/B0DG837JYP,2026-09-06T14:40:05.490789+00:00
B09QS2GS2H,Brand: T-DAGGER,"T-DAGGER Wireless Gaming Mouse- USB Cordless PC Accessories Computer Mice with LED Backlit, Ergonomic Gamer Laptop Mouse with 7 Silent Buttons, 5 Adjustable DPI Plug & Play for PC",Mouselife,5551.72,PKR,In Stock,4.5,2259,https://www.amazon.com/dp/B09QS2GS2H,2026-09-06T14:40:25.020884+00:00
B0CF4DJM7F,,"Razer Viper V3 HyperSpeed Wireless PC Gaming Mouse, 82g, Black",PM COMMERCE,15830.32,PKR,In Stock,4.4,1322,https://www.amazon.com/dp/B0CF4DJM7F,2026-09-06T14:40:50.521338+00:00
B011HMDZ0Q,Visit the Redragon Store,"Redragon M602 Gaming Mouse, Ergonomic RGB Gaming Mouse Wired with 7200 Adjustable DPI, 9 Programmable Buttons, Professional Software for Gamer Office [Black]",Redragon Official,4996.27,PKR,In Stock,4.6,33845,https://www.amazon.com/dp/B011HMDZ0Q,2026-09-06T14:41:16.444482+00:00
B0F1D7P51F,Visit the INPHIC Store,"INPHIC A9 V2 Explorer Wireless Gaming Mouse, 12800 DPI Silent Mouse",YingFeiTe,5551.72,PKR,In Stock,4.3,1640,https://www.amazon.com/dp/B0F1D7P51F,2026-09-06T14:41:43.472581+00:00
B0BXBC26X8,,"Razer Basilisk V3 X HyperSpeed Customizable Wireless Gaming Mouse, Black",HTechStore,13605.75,PKR,Only 1 left in stock - order soon.,4.4,2407,https://www.amazon.com/dp/B0BXBC26X8,2026-09-06T14:42:06.024519+00:00
B0H3PGRDX5,Visit the KTC Store,"KTC 24 Inch Gaming Monitor, 2K 240Hz (oc 260Hz) Monitor Fast IPS, 24M1",Ktcmonitor-Official,174.24,USD,In Stock,4.5,2386,https://www.amazon.com/dp/B0H3PGRDX5,2026-09-06T15:23:49.031810+00:00
B0H2CY7H1M,Visit the GMKWTL Store,"XVX 75% Wireless Mechanical Gaming Keyboard with Knob, M75 Creamy Keyboards",GMKWTL SHOP,59.99,USD,In Stock,4.2,6,https://www.amazon.com/dp/B0H2CY7H1M,2026-09-06T15:24:04.194086+00:00
B0FN7K443F,Visit the ATK Store,ATK VXE Dragonfly R1 SE+ Wireless Gaming Mouse - White,ATK Gaming Gears,28.98,USD,In Stock,4.3,268,https://www.amazon.com/dp/B0FN7K443F,2026-09-06T15:24:23.638960+00:00
B0GMLBSSTD,,"Razer Viper V4 Pro Wireless Esports Gaming Mouse, 49g,180Hr Battery, Black",,159.0,USD,In Stock,4.6,434,https://www.amazon.com/dp/B0GMLBSSTD,2026-09-06T15:25:24.021155+00:00
B0DCVP49FN,Visit the Uineer Store,"Uineer Wireless Mouse, 2.4GHz Rechargeable Computer Mouse, Battery Display",UINEER Global Flagship Store,14.99,USD,In Stock,4.5,9346,https://www.amazon.com/dp/B0DCVP49FN,2026-09-06T15:25:39.142144+00:00
B092CB69Q4,,Logitech G502 X Plus Wireless RGB Gaming Mouse - Black,TRENDY-TECH (We Record Serial Numbers),147.99,USD,Only 10 left in stock - order soon.,4.4,2650,https://www.amazon.com/dp/B092CB69Q4,2026-09-06T15:27:38.210044+00:00
B0FRN2Z4JF,Visit the GravaStar Store,"GravaStar Mercury M1 Pro Wireless Gaming Mouse, Lightweight Magnesium Alloy, 26,000 DPI, PAW3395DM Sensor, 5 Programmable Buttons, Support Wired/2.4GHz/BT, Up to 200 Hours Battery Life (Gradient Pink)",GravaStar Flagship,99.95,USD,In Stock,4.5,1491,https://www.amazon.com/dp/B0FRN2Z4JF,2026-09-06T15:28:09.208595+00:00
B07L4BM851,,Logitech G502 Lightspeed Wireless Gaming Mouse - Black,Online Gaming Store,107.88,USD,Only 1 left in stock - order soon.,4.6,13617,https://www.amazon.com/dp/B07L4BM851,2026-09-06T15:28:24.073270+00:00
B0G12HGHGM,,Logitech G PRO X2 SUPERSTRIKE Wireless Gaming Mouse - Black/White,Bridgetown Wholesale,179.95,USD,,4.5,618,https://www.amazon.com/dp/B0G12HGHGM,2026-09-06T15:28:53.552189+00:00
B09C13PZX7,,"Razer Basilisk V3 Customizable RGB Wired Ergonomic Gaming Mouse, Black",,34.98,USD,In Stock,4.6,10536,https://www.amazon.com/dp/B09C13PZX7,2026-09-06T15:29:09.499368+00:00
B0DRJ8FC3B,Visit the GravaStar Store,"GravaStar Mercury X Pro Wireless Gaming Mouse, Come with 8K Dongle – 32,000 DPI PAW 3950 Sensor, 8,000Hz Polling Rate, Only 49g, Magnesium Alloy Hollow Frame, RGB Lighting, 5 Programmable Buttons",GravaStar Flagship,139.95,USD,In Stock,4.5,587,https://www.amazon.com/dp/B0DRJ8FC3B,2026-09-06T15:29:28.228912+00:00
B0BGKBT1JG,Visit the TMKB Technology Mechanical KeyBoard Store,"TMKB Falcon M1SE White Gaming Mouse, Wired, Lightweight Honeycomb, 12800DPI",TMKB Tech,16.99,USD,In Stock,4.5,3737,https://www.amazon.com/dp/B0BGKBT1JG,2026-09-06T15:29:43.998923+00:00
B07XVCP7F5,Visit the RK ROYAL KLUDGE Store,"RK ROYAL KLUDGE S108 Typewriter Keyboard, Retro Mechanical Gaming Keyboard Wired 108 Keys with RGB Backlit Sidelight, Detachable Wrist Rest, Round Keycaps Blue Switches - Black",J-Devol,45.59,USD,In Stock,4.6,7671,https://www.amazon.com/dp/B07XVCP7F5,2026-09-06T15:29:59.236874+00:00
B07ZGDD6B1,,SteelSeries USB Apex 5 Hybrid Mechanical Gaming Keyboard – Per-Key RGB Illumination – Aircraft Grade Aluminum Alloy Frame – OLED Smart Display (Hybrid Blue Switch),,98.97,USD,In Stock,4.6,4211,https://www.amazon.com/dp/B07ZGDD6B1,2026-09-06T15:30:16.599697+00:00
B0CF3VGQFL,Visit the Redragon Store,"Redragon Mechanical Gaming Keyboard Wired, 11 Programmable Backlit Modes, Hot-Swappable Red Switch, Anti-Ghosting, Double-Shot PBT Keycaps, Light Up Keyboard for PC Mac",Redragon Official,29.99,USD,In Stock,4.3,6786,https://www.amazon.com/dp/B0CF3VGQFL,2026-09-06T15:30:34.005145+00:00
B0C7KFZ5TL,,"ASUS ROG Strix Scope II 96 Wireless Mechanical Gaming Keyboard – 96% Full-Size, Tri-Mode Connectivity, Hot Swappable Pre-lubed ROG NX Snow Linear Switches, PBT Keycaps, RGB, PC/Mac Support-Black",,129.0,USD,In Stock,4.6,1030,https://www.amazon.com/dp/B0C7KFZ5TL,2026-09-06T15:30:49.333820+00:00
B0CLLHSWRL,Visit the AULA Store,"AULA F99 Wireless Mechanical Keyboard,Tri-Mode BT5.0/2.4GHz/USB-C Hot Swappable Custom Keyboard,Pre-lubed Linear Switches,RGB Backlit Computer Gaming Keyboards for PC/Tablet/PS/Xbox",AULA MALL,68.99,USD,In Stock,4.5,3137,https://www.amazon.com/dp/B0CLLHSWRL,2026-09-06T15:31:04.264074+00:00
B0DZ28ZGYL,Visit the AULA Store,"AULA S99 Gaming Keyboard, Wireless Green Creamy Computer Keyboards",AULA Tech USA,27.99,USD,In Stock,4.2,2229,https://www.amazon.com/dp/B0DZ28ZGYL,2026-09-06T15:31:19.157785+00:00
B0DT43NNNF,Visit the AULA Store,"AULA WIN68 HE Mechanical Gaming Keyboard 60%, Hall Effect Magnetic Switch, Fast Trigger Mode Adjustable Actuation, 8000Hz Polling Rate, RGB Backlit, Wired Black Keyboard for Laptop/PC Gamer",AULA MALL,45.99,USD,In Stock,4.5,653,https://www.amazon.com/dp/B0DT43NNNF,2026-09-06T15:31:36.957466+00:00
B0B3RJML38,Visit the AULA Store,"AULA Gaming Keyboard and Mouse,Wired 104-Key Mouse and Keyboard Combo Metal",AULA Tech USA,21.92,USD,In Stock,4.5,2819,https://www.amazon.com/dp/B0B3RJML38,2026-09-06T15:31:52.851763+00:00
B0DRFGNWV1,Visit the Redragon Store,"Redragon K521 Upgrade Rainbow LED Gaming Keyboard, 104 Keys Wired Mechanical Feeling Keyboard with Multimedia Keys, One-Touch Backlit, Anti-Ghosting, Compatible with PC, Mac, PS4/5, Xbox",Redragon Official,15.99,USD,In Stock,4.4,11288,https://www.amazon.com/dp/B0DRFGNWV1,2026-09-06T15:32:06.260980+00:00
B0GDWD8Q87,Brand: Typehaven,L98 Wireless Mechanical Gaming Keyboard with Smart Display & Knob,Typehaven Shop,71.99,USD,In Stock,4.7,14,https://www.amazon.com/dp/B0GDWD8Q87,2026-09-06T15:32:23.005905+00:00
B0C9ZJHQHM,Visit the Womier Store,Womier SK80 75% Keyboard with Color Multimedia Display Gaming Keyboard,Womier SHOP,51.29,USD,In Stock,4.6,1733,https://www.amazon.com/dp/B0C9ZJHQHM,2026-09-06T15:32:39.189011+00:00
B0C8QYB8W6,,"Razer BlackWidow V4 X Mechanical Gaming Keyboard, Yellow Switches, Black",,99.99,USD,In Stock,4.5,489,https://www.amazon.com/dp/B0C8QYB8W6,2026-09-06T15:32:54.112638+00:00
B0DGZLHN8G,,"SteelSeries Apex Pro TKL Gen 3 Gaming Keyboard - OmniPoint 3.0 Analog Magnetic Switches, Quickset Auto-Presets (Rapid Trigger, Rapid Tap/SOCD, Protection Mode), OLED, RGB, PBT Keycaps, USB-C, Black",,173.99,USD,In Stock,4.7,526,https://www.amazon.com/dp/B0DGZLHN8G,2026-09-06T15:33:09.279175+00:00
B00NLZUM36,Visit the Redragon Store,"Redragon S101-3 PRO Gaming Keyboard and Mouse, RGB Backlit Programmable Keyboard Mouse with Software, Independent Macro Record Keys, Value Combo Set, New Update Version",Redragon Official,39.99,USD,In Stock,4.5,51665,https://www.amazon.com/dp/B00NLZUM36,2026-09-06T15:33:26.600055+00:00
B0F8PYRDBF,Visit the AULA Store,"AULA F99 Pro Wireless Mechanical Keyboard-Silent Version,BT5.0/2.4GHz/USB-C Hot Swappable Custom Keyboard,Gasket Structure,Pre-lubed Linear Switches RGB Backlit Computer Gaming Keyboards,Black",AULA MALL,89.89,USD,In Stock,4.6,384,https://www.amazon.com/dp/B0F8PYRDBF,2026-09-06T15:33:44.119778+00:00
B07QGHK6Q8,,Logitech G213 Prodigy Wired RGB Gaming Keyboard - Black,Garden-State,56.95,USD,Only 2 left in stock - order soon.,4.2,7480,https://www.amazon.com/dp/B07QGHK6Q8,2026-09-06T15:33:59.034707+00:00
B0D17C3ZVJ,Visit the TECKNET Store,"TECKNET Wired Gaming Keyboard, RGB Backlit Keyboard with Metal Panel Design",TECHBLUE OCEAN,26.99,USD,In Stock,4.4,5014,https://www.amazon.com/dp/B0D17C3ZVJ,2026-09-06T15:34:14.045955+00:00
B07ZGDPT4M,,SteelSeries Apex 3 RGB Gaming Keyboard – 10-Zone RGB Illumination – IP32 Water Resistant – Premium Magnetic Wrist Rest (Whisper Quiet Gaming Switch),,49.99,USD,In Stock,4.6,8054,https://www.amazon.com/dp/B07ZGDPT4M,2026-09-06T15:34:29.140980+00:00
B0D14N2QZF,Visit the AULA Store,"AULA F75 Pro Wireless Mechanical Keyboard,75% Hot Swappable Custom Keyboard with Knob,RGB Backlit,Pre-lubed Reaper Switches,Side Printed PBT Keycaps,2.4GHz/USB-C/BT5.0 Mechanical Gaming Keyboards",AULA MALL,64.99,USD,In Stock,4.6,1775,https://www.amazon.com/dp/B0D14N2QZF,2026-09-06T15:34:44.261872+00:00
B0H47SVZSR,,Razer Huntsman V3 HE Magnetic Mini 65% 8KHz Wired Gaming Keyboard,,119.99,USD,In Stock,4.2,56,https://www.amazon.com/dp/B0H47SVZSR,2026-09-06T15:34:59.221111+00:00
B0FD5276Z6,,"Razer BlackWidow V4 TKL Wireless Gaming Keyboard, Orange Switches",,110.0,USD,In Stock,4.2,97,https://www.amazon.com/dp/B0FD5276Z6,2026-09-06T15:35:14.086374+00:00
B0DDP95J7T,Visit the ArcticPro Store,"ArcticPro 22 Inch Gaming Monitor 144Hz, FHD Computer Monitor, 105% sRGB",Yulian Tech,67.97,USD,In Stock,4.5,747,https://www.amazon.com/dp/B0DDP95J7T,2026-09-06T15:35:29.001655+00:00
B0DB9Q5G3R,,"Samsung 27"" Essential S3 (S36GD) Series FHD 1800R Curved Computer Monitor",,129.99,USD,In Stock,4.5,2462,https://www.amazon.com/dp/B0DB9Q5G3R,2026-09-06T15:35:42.085489+00:00
B0FTS1KC43,Visit the AOC Store,"AOC 27"" Gaming Monitor QHD 240Hz QD OLED NVIDIA G-SYNC Compatible Q27GAZD",,260.09,USD,,4.5,216,https://www.amazon.com/dp/B0FTS1KC43,2026-09-06T15:35:56.827635+00:00
B0D2FSYS5J,,LG 32GS60QC-B Ultragear 32-inch Curved Gaming Monitor QHD (2560x1440) 180Hz 1ms 1000R AMD FreeSync HDR10 HDMIx2 DisplayPort Borderless Design Black Stabilizer DAS Crosshair FPS Counter - Black,,199.99,USD,In Stock,4.3,1120,https://www.amazon.com/dp/B0D2FSYS5J,2026-09-06T15:36:10.836380+00:00
B0GTLV69WX,Visit the KTC Store,"KTC 24.5 Inch 240Hz Gaming Monitor, FHD Computer Monitor Vertical, H25T7-3",Ktcmonitor-Official,128.24,USD,In Stock,4.3,2085,https://www.amazon.com/dp/B0GTLV69WX,2026-09-06T15:36:24.199649+00:00
